{"tilemap": {"7;7": {"type": "grass", "variant": 1, "pos": [7, 7]}, "8;7": {"type": "grass", "variant": 1, "pos": [8, 7]}, "9;7": {"type": "grass", "variant": 1, "pos": [9, 7]}, "10;7": {"type": "grass", "variant": 1, "pos": [10, 7]}, "11;7": {"type": "grass", "variant": 1, "pos": [11, 7]}, "12;7": {"type": "grass", "variant": 1, "pos": [12, 7]}, "13;7": {"type": "grass", "variant": 1, "pos": [13, 7]}, "14;7": {"type": "grass", "variant": 1, "pos": [14, 7]}, "15;7": {"type": "grass", "variant": 1, "pos": [15, 7]}, "6;7": {"type": "grass", "variant": 1, "pos": [6, 7]}, "5;7": {"type": "grass", "variant": 1, "pos": [5, 7]}, "4;7": {"type": "grass", "variant": 1, "pos": [4, 7]}, "3;7": {"type": "grass", "variant": 1, "pos": [3, 7]}, "2;7": {"type": "grass", "variant": 0, "pos": [2, 7]}, "16;7": {"type": "grass", "variant": 1, "pos": [16, 7]}, "17;7": {"type": "grass", "variant": 1, "pos": [17, 7]}, "18;7": {"type": "grass", "variant": 2, "pos": [18, 7]}, "2;8": {"type": "grass", "variant": 7, "pos": [2, 8]}, "3;8": {"type": "grass", "variant": 8, "pos": [3, 8]}, "4;8": {"type": "grass", "variant": 8, "pos": [4, 8]}, "5;8": {"type": "grass", "variant": 8, "pos": [5, 8]}, "6;8": {"type": "grass", "variant": 8, "pos": [6, 8]}, "7;8": {"type": "grass", "variant": 8, "pos": [7, 8]}, "8;8": {"type": "grass", "variant": 8, "pos": [8, 8]}, "9;8": {"type": "grass", "variant": 8, "pos": [9, 8]}, "10;8": {"type": "grass", "variant": 8, "pos": [10, 8]}, "11;8": {"type": "grass", "variant": 8, "pos": [11, 8]}, "12;8": {"type": "grass", "variant": 8, "pos": [12, 8]}, "13;8": {"type": "grass", "variant": 8, "pos": [13, 8]}, "14;8": {"type": "grass", "variant": 8, "pos": [14, 8]}, "15;8": {"type": "grass", "variant": 8, "pos": [15, 8]}, "16;8": {"type": "grass", "variant": 8, "pos": [16, 8]}, "17;8": {"type": "grass", "variant": 8, "pos": [17, 8]}, "18;8": {"type": "grass", "variant": 3, "pos": [18, 8]}, "2;9": {"type": "grass", "variant": 7, "pos": [2, 9]}, "3;9": {"type": "grass", "variant": 8, "pos": [3, 9]}, "4;9": {"type": "grass", "variant": 8, "pos": [4, 9]}, "5;9": {"type": "grass", "variant": 8, "pos": [5, 9]}, "6;9": {"type": "grass", "variant": 8, "pos": [6, 9]}, "7;9": {"type": "grass", "variant": 8, "pos": [7, 9]}, "8;9": {"type": "grass", "variant": 8, "pos": [8, 9]}, "9;9": {"type": "grass", "variant": 8, "pos": [9, 9]}, "10;9": {"type": "grass", "variant": 8, "pos": [10, 9]}, "11;9": {"type": "grass", "variant": 8, "pos": [11, 9]}, "12;9": {"type": "grass", "variant": 8, "pos": [12, 9]}, "13;9": {"type": "grass", "variant": 8, "pos": [13, 9]}, "14;9": {"type": "grass", "variant": 8, "pos": [14, 9]}, "15;9": {"type": "grass", "variant": 8, "pos": [15, 9]}, "16;9": {"type": "grass", "variant": 8, "pos": [16, 9]}, "17;9": {"type": "grass", "variant": 8, "pos": [17, 9]}, "18;9": {"type": "grass", "variant": 3, "pos": [18, 9]}, "18;10": {"type": "grass", "variant": 4, "pos": [18, 10]}, "17;10": {"type": "grass", "variant": 8, "pos": [17, 10]}, "17;11": {"type": "grass", "variant": 4, "pos": [17, 11]}, "16;11": {"type": "grass", "variant": 5, "pos": [16, 11]}, "15;10": {"type": "grass", "variant": 8, "pos": [15, 10]}, "14;10": {"type": "grass", "variant": 8, "pos": [14, 10]}, "13;10": {"type": "grass", "variant": 8, "pos": [13, 10]}, "12;10": {"type": "grass", "variant": 8, "pos": [12, 10]}, "11;10": {"type": "grass", "variant": 8, "pos": [11, 10]}, "10;10": {"type": "grass", "variant": 8, "pos": [10, 10]}, "9;10": {"type": "grass", "variant": 8, "pos": [9, 10]}, "8;10": {"type": "grass", "variant": 8, "pos": [8, 10]}, "16;10": {"type": "grass", "variant": 8, "pos": [16, 10]}, "15;11": {"type": "grass", "variant": 5, "pos": [15, 11]}, "14;11": {"type": "grass", "variant": 5, "pos": [14, 11]}, "13;11": {"type": "grass", "variant": 5, "pos": [13, 11]}, "12;11": {"type": "grass", "variant": 5, "pos": [12, 11]}, "11;11": {"type": "grass", "variant": 5, "pos": [11, 11]}, "10;11": {"type": "grass", "variant": 5, "pos": [10, 11]}, "9;11": {"type": "grass", "variant": 5, "pos": [9, 11]}, "8;11": {"type": "grass", "variant": 5, "pos": [8, 11]}, "7;11": {"type": "grass", "variant": 5, "pos": [7, 11]}, "6;11": {"type": "grass", "variant": 5, "pos": [6, 11]}, "5;11": {"type": "grass", "variant": 5, "pos": [5, 11]}, "5;10": {"type": "grass", "variant": 8, "pos": [5, 10]}, "6;10": {"type": "grass", "variant": 8, "pos": [6, 10]}, "7;10": {"type": "grass", "variant": 8, "pos": [7, 10]}, "4;10": {"type": "grass", "variant": 8, "pos": [4, 10]}, "3;10": {"type": "grass", "variant": 8, "pos": [3, 10]}, "2;10": {"type": "grass", "variant": 6, "pos": [2, 10]}, "3;11": {"type": "grass", "variant": 6, "pos": [3, 11]}, "4;11": {"type": "grass", "variant": 5, "pos": [4, 11]}}, "tile_size": 16, "offgrid": []}